[
  {
    "id": "470e5822-44a7-42e3-b8e9-d7fce26c246e",
    "name": "xmatters-sync endpoint",
    "description": "endpoint for all xmatters-sync communication.",
    "icon": "https://s3-xmatters-static.s3.amazonaws.com/null/customers/6b5bf262-09f4-4052-9eca-0dc11b9c2872/IMAGE__20210625015524115__x_mark.png",
    "script": "\n/*\nExample:\n{\n  \"descriptor\": \"consulting sync\",\n  \"errorCount\": 2,\n  \"errorLogPath\": \"./sync_output/2020-12-20T19-28-25-error_log.csv\",\n  \"eventType\": \"summary\",\n  \"inputBackupPath\": \"./sync_backup/input.0.backup.json\"\n  \"recipients\": \"jsmith,bsmith\",\n  \"result\": \"success\",\n  \"startAtString\" : \"2021-01-06T13-51-00\",\n  \"summaryHtml\": \"<table><tr><th></th><th>Added</th><th>Updated</th><th>Deleted</th><th>Total</th><th>Errors</th></tr><tr><td><b>Sites</b></td><td>0</td><td>0</td><td>0</td><td>3</td><td>2</td></tr></table>\",\n  \"syncLogPath\": \"./sync_output/2020-12-20T19-28-25-sync_log.txt\",\n  \"xmattersBackupPath\": \"./sync_backup/0.consulting.backup.json\"\n}\n\n{\n  \"descriptor\": \"consulting sync\",\n  \"eventType\": \"onboarding\",\n  \"recipients\": \"jsmith,bsmith\",\n  \"startAtString\" : \"2021-01-06T13-51-00\",\n  \"subject\": \"Welcome to xMatters\",\n  \"signature\": \"Welcome Aboard! The xMatters Team\",\n  \"hostname\" : \"company.xmatters.com\"\n  \"customMessage\": \"You've been invited to join your team in xMatters. We've already created an account for you - just specify a password so you can get started.\"\n  \"loginHtml\":'<p style=\"line-height: 29px; margin: 1em 0; margin-bottom: 5px; margin-top: 50px; font-size: 16px;\">To create or reset your password, click <a href=\"https://help.xmatters.com/ondemand/#cshid=changepassword\" style=\"color: #09c; text-decoration: none;\">Forgot Password</a> on the sign-in page.</p>'\n}\n*/\nvar payload = JSON.parse(request.body);\noutput.descriptor = payload.descriptor;\noutput.errorCount = payload.errorCount;\noutput.errorLogPath = payload.errorLogPath;\noutput.eventType = payload.eventType;\noutput.inputBackupPath = payload.inputBackupPath;\noutput.recipients = payload.recipients;\noutput.result = payload.result;\noutput.startAtString = payload.startAtString;\noutput.summaryHtml = payload.summaryHtml;\noutput.syncLogPath = payload.syncLogPath;\noutput.xmattersBackupPath = payload.xmattersBackupPath;\noutput.subject = payload.subject;\noutput.signature = payload.signature;\noutput.customMessage = payload.customMessage;\noutput.hostname = payload.hostname;\noutput.loginHtml = payload.loginHtml;",
    "allowedEnvironment": "HOSTED",
    "accessibleByAll": "NotShared",
    "triggerAuthType": "BASIC_AUTH",
    "scriptStepType": "CUSTOM_HTTP",
    "inputs": [],
    "outputs": [
      {
        "id": "fcf77e6b-77af-499e-8547-8f0caf16b0a6",
        "name": "errorCount",
        "description": "",
        "position": 0
      },
      {
        "id": "e0cd459f-b6ab-4d00-ba06-1e46545a59d1",
        "name": "result",
        "description": "",
        "position": 1
      },
      {
        "id": "dc50fb03-fd8d-4886-bfe6-727d3dc8b6a5",
        "name": "summaryHtml",
        "description": "",
        "position": 2
      },
      {
        "id": "6f600ca7-9b97-4a58-b2ef-47360c793fca",
        "name": "startAtString",
        "description": "",
        "position": 3
      },
      {
        "id": "b63c5f1b-eda6-457e-abcb-23464a4b91cf",
        "name": "errorLogPath",
        "description": "",
        "position": 4
      },
      {
        "id": "b2a2726d-2183-4269-a80b-9448ba7a4e11",
        "name": "xmattersBackupPath",
        "description": "",
        "position": 5
      },
      {
        "id": "ee902272-345d-4521-ad82-f5c649c65bc7",
        "name": "inputBackupPath",
        "description": "",
        "position": 6
      },
      {
        "id": "9d7e7768-b630-4c5f-b403-04ee07aa5b38",
        "name": "syncLogPath",
        "description": "",
        "position": 7
      },
      {
        "id": "8e59d595-d9ef-489d-b7dc-017861144228",
        "name": "descriptor",
        "description": "",
        "position": 8
      },
      {
        "id": "22d6edf8-252f-4690-9267-6a38546ac1d1",
        "name": "eventType",
        "description": "",
        "position": 9
      },
      {
        "id": "9c1bb2a0-eedc-4601-878f-c5a0bea2c491",
        "name": "recipients",
        "description": "",
        "position": 10
      },
      {
        "id": "7504b979-b799-430d-a75c-ad5dfeb0808c",
        "name": "subject",
        "description": "",
        "position": 11
      },
      {
        "id": "b3865672-3017-4000-8509-4a8fb6bafc8f",
        "name": "signature",
        "description": "",
        "position": 12
      },
      {
        "id": "20f4fc56-d577-42cf-a2cc-589afcf0b236",
        "name": "customMessage",
        "description": "",
        "position": 13
      },
      {
        "id": "e4e8a097-aa3c-43db-bded-dc09f1abbe13",
        "name": "hostname",
        "description": "",
        "position": 14
      },
      {
        "id": "a91ece0f-c2a1-4221-a710-a5f797a60535",
        "name": "loginHtml",
        "description": "",
        "position": 15
      }
    ],
    "libraries": []
  }
]