{
  "name": "Sync",
  "description": "Primary flow for xmatters-sync.",
  "blocks": [
    {
      "id": "61319c75-4275-4cd0-842c-f48576628b80",
      "label": "Switch",
      "environment": "HOSTED",
      "presentation": "{\"w\":60,\"x\":-252,\"h\":60,\"y\":-118}",
      "stepType": "SWITCH",
      "inputMappings": [
        {
          "inputPort": "input",
          "mapping": "${681a32e3-c54f-4dae-b675-1c9a5af56a47.eventType}"
        }
      ],
      "switchCases": [
        {
          "caseId": "83d8e653-ee4f-4df0-89e6-b8ce7168555c",
          "caseValue": "summary"
        },
        {
          "caseId": "624b0614-b1fd-40b0-a86d-40ef68387c0f",
          "caseValue": "onboarding"
        }
      ]
    },
    {
      "id": "681a32e3-c54f-4dae-b675-1c9a5af56a47",
      "label": "Sync - xmatters-sync endpoint",
      "environment": "HOSTED",
      "presentation": "{\"w\":60,\"x\":-464,\"h\":60,\"y\":-133}",
      "step": "a5b08e34-dfd5-48ab-80b4-1a0d7ae8a3a1",
      "stepType": "INTEGRATION"
    },
    {
      "id": "e3e6e9a2-98ce-4b45-8314-6701036e906b",
      "label": "Sync Summary",
      "environment": "HOSTED",
      "presentation": "{\"w\":60,\"x\":-61,\"h\":60,\"y\":17}",
      "stepType": "CREATE_ALERT",
      "inputMappings": [
        {
          "inputPort": "input",
          "mapping": "0",
          "builtInInputId": "8298a407-9069-5331-8dee-219cdb1b4868"
        },
        {
          "inputPort": "input",
          "mapping": "false",
          "builtInInputId": "7ec1fde7-1816-5b50-968f-c3eafa529f62"
        },
        {
          "inputPort": "input",
          "mapping": "60",
          "builtInInputId": "ceffae29-cef3-5488-b9d1-f845c558f8a4"
        },
        {
          "inputPort": "input",
          "mapping": "callbackonly",
          "builtInInputId": "94bf035f-007b-5da6-996b-d122ff92e7b3"
        },
        {
          "inputPort": "input",
          "mapping": "[{\"language\":\"en\",\"text\":\"\"}]",
          "builtInInputId": "8fccda00-5665-53aa-90a0-267d4b796a99"
        },
        {
          "inputPort": "input",
          "mapping": "false",
          "builtInInputId": "60992193-3b95-5b4e-adfd-244d5e834d67"
        },
        {
          "inputPort": "input",
          "mapping": "[{\"id\":\"${681a32e3-c54f-4dae-b675-1c9a5af56a47.recipients}\"}]",
          "builtInInputId": "c2fa8405-6461-5736-9370-96e1dc04be7c"
        },
        {
          "inputPort": "input",
          "mapping": "Medium",
          "builtInInputId": "3f50d6a7-0fc9-59a1-bd97-8eb19db317bd"
        },
        {
          "inputPort": "input",
          "mapping": "[{\"language\":\"en\",\"subject\":\"[${681a32e3-c54f-4dae-b675-1c9a5af56a47.result}] xMatters Sync Complete\",\"body\":\"\\n    <style id=\\\"xm-froala-base-styles\\\">\\n      /* Base Froala Styles Begin */\\n      /*!\\n * froala_editor v3.1.0 (https://www.froala.com/wysiwyg-editor)\\n * License https://froala.com/wysiwyg-editor/terms/\\n * Copyright 2014-2020 Froala Labs\\n */\\n\\n.clearfix::after{clear:both;display:block;content:\\\"\\\";height:0}.hide-by-clipping{position:absolute;width:1px;height:1px;padding:0;margin:-1px;overflow:hidden;clip:rect(0, 0, 0, 0);border:0}img.fr-rounded,.fr-img-caption.fr-rounded img{border-radius:10px;-moz-border-radius:10px;-webkit-border-radius:10px;-moz-background-clip:padding;-webkit-background-clip:padding-box;background-clip:padding-box}img.fr-bordered,.fr-img-caption.fr-bordered img{border:solid 5px #CCC}img.fr-bordered{-webkit-box-sizing:content-box;-moz-box-sizing:content-box;box-sizing:content-box}.fr-img-caption.fr-bordered img{-webkit-box-sizing:border-box;-moz-box-sizing:border-box;box-sizing:border-box}.fr-view{word-wrap:break-word}span[style~=\\\"color:\\\"] a{color:inherit}strong{font-weight:700}table{border:none;border-collapse:collapse;empty-cells:show;max-width:100%}table td{min-width:5px}table.fr-dashed-borders td,table.fr-dashed-borders th{border-style:dashed}table.fr-alternate-rows tbody tr:nth-child(2n){background:whitesmoke}table td,table th{border:1px solid #DDD}table td:empty,table th:empty{height:20px}table td.fr-highlighted,table th.fr-highlighted{border:1px double red}table td.fr-thick,table th.fr-thick{border-width:2px}table th{background:#ececec}hr{clear:both;user-select:none;-o-user-select:none;-moz-user-select:none;-khtml-user-select:none;-webkit-user-select:none;-ms-user-select:none;break-after:always;page-break-after:always}.fr-file{position:relative}.fr-file::after{position:relative;content:\\\"\\\\1F4CE\\\";font-weight:normal}pre{white-space:pre-wrap;word-wrap:break-word;overflow:visible}.fr-view[dir=\\\"rtl\\\"] blockquote{border-left:none;border-right:solid 2px #5E35B1;margin-right:0;padding-right:5px;padding-left:0}.fr-view[dir=\\\"rtl\\\"] blockquote blockquote{border-color:#00BCD4}.fr-view[dir=\\\"rtl\\\"] blockquote blockquote blockquote{border-color:#43A047}blockquote{border-left:solid 2px #5E35B1;margin-left:0;padding-left:5px;color:#5E35B1}blockquote blockquote{border-color:#00BCD4;color:#00BCD4}blockquote blockquote blockquote{border-color:#43A047;color:#43A047}span.fr-emoticon{font-weight:normal;font-family:\\\"Apple Color Emoji\\\",\\\"Segoe UI Emoji\\\",\\\"NotoColorEmoji\\\",\\\"Segoe UI Symbol\\\",\\\"Android Emoji\\\",\\\"EmojiSymbols\\\";display:inline;line-height:0}span.fr-emoticon.fr-emoticon-img{background-repeat:no-repeat !important;font-size:inherit;height:1em;width:1em;min-height:20px;min-width:20px;display:inline-block;margin:-.1em .1em .1em;line-height:1;vertical-align:middle}.fr-text-gray{color:#AAA !important}.fr-text-bordered{border-top:solid 1px #222;border-bottom:solid 1px #222;padding:10px 0}.fr-text-spaced{letter-spacing:1px}.fr-text-uppercase{text-transform:uppercase}.fr-class-highlighted{background-color:#ffff00}.fr-class-code{border-color:#cccccc;border-radius:2px;-moz-border-radius:2px;-webkit-border-radius:2px;-moz-background-clip:padding;-webkit-background-clip:padding-box;background-clip:padding-box;background:#f5f5f5;padding:10px;font-family:\\\"Courier New\\\", Courier, monospace}.fr-class-transparency{opacity:0.5}img{position:relative;max-width:100%}img.fr-dib{margin:5px auto;display:block;float:none;vertical-align:top}img.fr-dib.fr-fil{margin-left:0;text-align:left}img.fr-dib.fr-fir{margin-right:0;text-align:right}img.fr-dii{display:inline-block;float:none;vertical-align:bottom;margin-left:5px;margin-right:5px;max-width:calc(100% - (2 * 5px))}img.fr-dii.fr-fil{float:left;margin:5px 5px 5px 0;max-width:calc(100% - 5px)}img.fr-dii.fr-fir{float:right;margin:5px 0 5px 5px;max-width:calc(100% - 5px)}span.fr-img-caption{position:relative;max-width:100%}span.fr-img-caption.fr-dib{margin:5px auto;display:block;float:none;vertical-align:top}span.fr-img-caption.fr-dib.fr-fil{margin-left:0;text-align:left}span.fr-img-caption.fr-dib.fr-fir{margin-right:0;text-align:right}span.fr-img-caption.fr-dii{display:inline-block;float:none;vertical-align:bottom;margin-left:5px;margin-right:5px;max-width:calc(100% - (2 * 5px))}span.fr-img-caption.fr-dii.fr-fil{float:left;margin:5px 5px 5px 0;max-width:calc(100% - 5px)}span.fr-img-caption.fr-dii.fr-fir{float:right;margin:5px 0 5px 5px;max-width:calc(100% - 5px)}.fr-video{text-align:center;position:relative}.fr-video.fr-rv{padding-bottom:56.25%;padding-top:30px;height:0;overflow:hidden}.fr-video.fr-rv>iframe,.fr-video.fr-rv object,.fr-video.fr-rv embed{position:absolute !important;top:0;left:0;width:100%;height:100%}.fr-video>*{-webkit-box-sizing:content-box;-moz-box-sizing:content-box;box-sizing:content-box;max-width:100%;border:none}.fr-video.fr-dvb{display:block;clear:both}.fr-video.fr-dvb.fr-fvl{text-align:left}.fr-video.fr-dvb.fr-fvr{text-align:right}.fr-video.fr-dvi{display:inline-block}.fr-video.fr-dvi.fr-fvl{float:left}.fr-video.fr-dvi.fr-fvr{float:right}a.fr-strong{font-weight:700}a.fr-green{color:green}.fr-img-caption{text-align:center}.fr-img-caption .fr-img-wrap{padding:0;margin:auto;text-align:center;width:100%}.fr-img-caption .fr-img-wrap img{display:block;margin:auto;width:100%}.fr-img-caption .fr-img-wrap>span{margin:auto;display:block;padding:5px 5px 10px;font-size:14px;font-weight:initial;-webkit-box-sizing:border-box;-moz-box-sizing:border-box;box-sizing:border-box;-webkit-opacity:0.9;-moz-opacity:0.9;opacity:0.9;-ms-filter:\\\"progid:DXImageTransform.Microsoft.Alpha(Opacity=0)\\\";width:100%;text-align:center}button.fr-rounded,input.fr-rounded,textarea.fr-rounded{border-radius:10px;-moz-border-radius:10px;-webkit-border-radius:10px;-moz-background-clip:padding;-webkit-background-clip:padding-box;background-clip:padding-box}button.fr-large,input.fr-large,textarea.fr-large{font-size:24px}a.fr-view.fr-strong{font-weight:700}a.fr-view.fr-green{color:green}img.fr-view{position:relative;max-width:100%}img.fr-view.fr-dib{margin:5px auto;display:block;float:none;vertical-align:top}img.fr-view.fr-dib.fr-fil{margin-left:0;text-align:left}img.fr-view.fr-dib.fr-fir{margin-right:0;text-align:right}img.fr-view.fr-dii{display:inline-block;float:none;vertical-align:bottom;margin-left:5px;margin-right:5px;max-width:calc(100% - (2 * 5px))}img.fr-view.fr-dii.fr-fil{float:left;margin:5px 5px 5px 0;max-width:calc(100% - 5px)}img.fr-view.fr-dii.fr-fir{float:right;margin:5px 0 5px 5px;max-width:calc(100% - 5px)}span.fr-img-caption.fr-view{position:relative;max-width:100%}span.fr-img-caption.fr-view.fr-dib{margin:5px auto;display:block;float:none;vertical-align:top}span.fr-img-caption.fr-view.fr-dib.fr-fil{margin-left:0;text-align:left}span.fr-img-caption.fr-view.fr-dib.fr-fir{margin-right:0;text-align:right}span.fr-img-caption.fr-view.fr-dii{display:inline-block;float:none;vertical-align:bottom;margin-left:5px;margin-right:5px;max-width:calc(100% - (2 * 5px))}span.fr-img-caption.fr-view.fr-dii.fr-fil{float:left;margin:5px 5px 5px 0;max-width:calc(100% - 5px)}span.fr-img-caption.fr-view.fr-dii.fr-fir{float:right;margin:5px 0 5px 5px;max-width:calc(100% - 5px)}\\n\\n\\n    /* Default/Legacy table border styling */\\n    table {\\n        border: 1px solid #ccc;\\n        border-bottom: none;\\n    }\\n    table th,\\n    table td {\\n        border: solid #ccc;\\n        border-width: 0 0 1px 0;\\n    }\\n\\n    /* Newly inserted table border styling */\\n    table.xm-table-internal-borders {\\n      border: none;\\n    }\\n    table.xm-table-internal-borders th,\\n    table.xm-table-internal-borders td {\\n      border-width: 1px;\\n    }\\n    \\n    /* fix for SUP-22708, In Outlook on Windows: \\\"border-collapse: collapse;\\\" will cease to work and behave like \\\"separate\\\"\\n      when the rule is specified an even number of times, yes oh yes, you read that right. Since this rule is already specified\\n      in the froala styles we get an issue when the user also adds a style tag containing that rule. */\\n    table {\\n      border-collapse: collapse;\\n    }\\n\\n      /* Base Froala Styles End */\\n    </style><!-- XM Froala Top Level Wrapper Begin {{{ -->\\n    <div id=\\\"xm-froala-top-level-wrapper\\\" class=\\\"fr-view\\\">\\n    <!-- XM Froala Top Level Wrapper Begin }}} --><meta charset=\\\"utf-8\\\">The xMatters Sync starting at <strong>${681a32e3-c54f-4dae-b675-1c9a5af56a47.startAtString}</strong> and resulting in ${681a32e3-c54f-4dae-b675-1c9a5af56a47.errorCount}&nbsp;errors has finished.<div><br></div><div><strong>Result:</strong><div><div>${681a32e3-c54f-4dae-b675-1c9a5af56a47.result}</div><div><strong>Summary:</strong></div><div>${681a32e3-c54f-4dae-b675-1c9a5af56a47.summaryHtml}</div><div><br></div><div><strong>Sync Log:</strong> ${681a32e3-c54f-4dae-b675-1c9a5af56a47.syncLogPath}</div><div><strong>Error Log:</strong> ${681a32e3-c54f-4dae-b675-1c9a5af56a47.errorLogPath}<br><strong>xMatters Backup:</strong>${681a32e3-c54f-4dae-b675-1c9a5af56a47.xmattersBackupPath}</div><div><strong>Input Backup:&nbsp;</strong> ${681a32e3-c54f-4dae-b675-1c9a5af56a47.inputBackupPath}<br><br></div></div><div><br></div><div>Errors typically indicate that the object was not created, updated, or deleted. If you have errors, the error log on your xMatters Sync server may be reviewed for more details. A failed result indicates that the sync did not complete and the logs should be reviewed for more details. The sync configuration on your xmatters-sync server control how this sync operates including many aspects of this alert. Please consult the documentation for more details.</div></div><!-- XM Froala Top Level Wrapper End {{{ -->\\n    </div>\\n    <!-- XM Froala Top Level Wrapper End }}} -->\"}]",
          "builtInInputId": "c2a258c9-70f0-5ab9-87a0-f16aac6a4f7e"
        },
        {
          "inputPort": "input",
          "mapping": "Android Phone,Android tablet,iPad,iPhone,Pager,SMS Phone,Home Phone,Mobile Phone,Work Phone,Home Email,Work Email",
          "builtInInputId": "21dbc8d9-0c69-5ff1-99b2-f66986efcb79"
        },
        {
          "inputPort": "input",
          "mapping": "PICKER",
          "builtInInputId": "9b9bc3ee-7633-57e7-b13e-443db15f6e34"
        },
        {
          "inputPort": "input",
          "mapping": "3",
          "builtInInputId": "8ff01cd9-6a5f-5ec3-9c46-a40b892b890e"
        },
        {
          "inputPort": "input",
          "mapping": "false",
          "builtInInputId": "0eeeaf31-fd99-5ada-aaf5-9b4ca198cce6"
        },
        {
          "inputPort": "input",
          "mapping": "false",
          "builtInInputId": "c4501a77-1058-51d5-9044-7c4f8a39938a"
        },
        {
          "inputPort": "input",
          "mapping": "[{\"language\":\"en\",\"steps\":[{\"uiBlock\":\"fcb6abf4-5533-4fe3-8f93-c04bf58ec245\",\"phrase\":\"\",\"playback\":\"TTS\"}]}]",
          "builtInInputId": "1e0aae21-0ac6-5683-a162-36fa1f8a895c"
        }
      ]
    },
    {
      "id": "727e6cb2-4a2c-450a-a1b0-ffeedcc3f870",
      "label": "User Onboarding",
      "environment": "HOSTED",
      "presentation": "{\"w\":60,\"x\":108,\"h\":60,\"y\":166}",
      "stepType": "CREATE_ALERT",
      "inputMappings": [
        {
          "inputPort": "input",
          "mapping": "false",
          "builtInInputId": "60992193-3b95-5b4e-adfd-244d5e834d67"
        },
        {
          "inputPort": "input",
          "mapping": "[{\"language\":\"en\",\"text\":\"\"}]",
          "builtInInputId": "8fccda00-5665-53aa-90a0-267d4b796a99"
        },
        {
          "inputPort": "input",
          "mapping": "[{\"language\":\"en\",\"steps\":[{\"uiBlock\":\"10e4de38-cc6a-4bb6-a9ef-2f5158b2db7c\",\"phrase\":\"\",\"playback\":\"TTS\"}]}]",
          "builtInInputId": "1e0aae21-0ac6-5683-a162-36fa1f8a895c"
        },
        {
          "inputPort": "input",
          "mapping": "PICKER",
          "builtInInputId": "9b9bc3ee-7633-57e7-b13e-443db15f6e34"
        },
        {
          "inputPort": "input",
          "mapping": "[{\"id\":\"${681a32e3-c54f-4dae-b675-1c9a5af56a47.recipients}\"}]",
          "builtInInputId": "c2fa8405-6461-5736-9370-96e1dc04be7c"
        },
        {
          "inputPort": "input",
          "mapping": "Medium",
          "builtInInputId": "3f50d6a7-0fc9-59a1-bd97-8eb19db317bd"
        },
        {
          "inputPort": "input",
          "mapping": "callbackonly",
          "builtInInputId": "94bf035f-007b-5da6-996b-d122ff92e7b3"
        },
        {
          "inputPort": "input",
          "mapping": "false",
          "builtInInputId": "7ec1fde7-1816-5b50-968f-c3eafa529f62"
        },
        {
          "inputPort": "input",
          "mapping": "60",
          "builtInInputId": "8ff01cd9-6a5f-5ec3-9c46-a40b892b890e"
        },
        {
          "inputPort": "input",
          "mapping": "Android Phone,Android tablet,iPad,iPhone,Pager,SMS Phone,Home Phone,Mobile Phone,Work Phone,Home Email,Work Email",
          "builtInInputId": "21dbc8d9-0c69-5ff1-99b2-f66986efcb79"
        },
        {
          "inputPort": "input",
          "mapping": "false",
          "builtInInputId": "0eeeaf31-fd99-5ada-aaf5-9b4ca198cce6"
        },
        {
          "inputPort": "input",
          "mapping": "false",
          "builtInInputId": "c4501a77-1058-51d5-9044-7c4f8a39938a"
        },
        {
          "inputPort": "input",
          "mapping": "0",
          "builtInInputId": "8298a407-9069-5331-8dee-219cdb1b4868"
        },
        {
          "inputPort": "input",
          "mapping": "[{\"language\":\"en\",\"subject\":\"${681a32e3-c54f-4dae-b675-1c9a5af56a47.subject}\",\"body\":\"\\n    <style id=\\\"xm-froala-base-styles\\\">\\n      /* Base Froala Styles Begin */\\n      /*!\\n * froala_editor v3.1.0 (https://www.froala.com/wysiwyg-editor)\\n * License https://froala.com/wysiwyg-editor/terms/\\n * Copyright 2014-2020 Froala Labs\\n */\\n\\n.clearfix::after{clear:both;display:block;content:\\\"\\\";height:0}.hide-by-clipping{position:absolute;width:1px;height:1px;padding:0;margin:-1px;overflow:hidden;clip:rect(0, 0, 0, 0);border:0}img.fr-rounded,.fr-img-caption.fr-rounded img{border-radius:10px;-moz-border-radius:10px;-webkit-border-radius:10px;-moz-background-clip:padding;-webkit-background-clip:padding-box;background-clip:padding-box}img.fr-bordered,.fr-img-caption.fr-bordered img{border:solid 5px #CCC}img.fr-bordered{-webkit-box-sizing:content-box;-moz-box-sizing:content-box;box-sizing:content-box}.fr-img-caption.fr-bordered img{-webkit-box-sizing:border-box;-moz-box-sizing:border-box;box-sizing:border-box}.fr-view{word-wrap:break-word}span[style~=\\\"color:\\\"] a{color:inherit}strong{font-weight:700}table{border:none;border-collapse:collapse;empty-cells:show;max-width:100%}table td{min-width:5px}table.fr-dashed-borders td,table.fr-dashed-borders th{border-style:dashed}table.fr-alternate-rows tbody tr:nth-child(2n){background:whitesmoke}table td,table th{border:1px solid #DDD}table td:empty,table th:empty{height:20px}table td.fr-highlighted,table th.fr-highlighted{border:1px double red}table td.fr-thick,table th.fr-thick{border-width:2px}table th{background:#ececec}hr{clear:both;user-select:none;-o-user-select:none;-moz-user-select:none;-khtml-user-select:none;-webkit-user-select:none;-ms-user-select:none;break-after:always;page-break-after:always}.fr-file{position:relative}.fr-file::after{position:relative;content:\\\"\\\\1F4CE\\\";font-weight:normal}pre{white-space:pre-wrap;word-wrap:break-word;overflow:visible}.fr-view[dir=\\\"rtl\\\"] blockquote{border-left:none;border-right:solid 2px #5E35B1;margin-right:0;padding-right:5px;padding-left:0}.fr-view[dir=\\\"rtl\\\"] blockquote blockquote{border-color:#00BCD4}.fr-view[dir=\\\"rtl\\\"] blockquote blockquote blockquote{border-color:#43A047}blockquote{border-left:solid 2px #5E35B1;margin-left:0;padding-left:5px;color:#5E35B1}blockquote blockquote{border-color:#00BCD4;color:#00BCD4}blockquote blockquote blockquote{border-color:#43A047;color:#43A047}span.fr-emoticon{font-weight:normal;font-family:\\\"Apple Color Emoji\\\",\\\"Segoe UI Emoji\\\",\\\"NotoColorEmoji\\\",\\\"Segoe UI Symbol\\\",\\\"Android Emoji\\\",\\\"EmojiSymbols\\\";display:inline;line-height:0}span.fr-emoticon.fr-emoticon-img{background-repeat:no-repeat !important;font-size:inherit;height:1em;width:1em;min-height:20px;min-width:20px;display:inline-block;margin:-.1em .1em .1em;line-height:1;vertical-align:middle}.fr-text-gray{color:#AAA !important}.fr-text-bordered{border-top:solid 1px #222;border-bottom:solid 1px #222;padding:10px 0}.fr-text-spaced{letter-spacing:1px}.fr-text-uppercase{text-transform:uppercase}.fr-class-highlighted{background-color:#ffff00}.fr-class-code{border-color:#cccccc;border-radius:2px;-moz-border-radius:2px;-webkit-border-radius:2px;-moz-background-clip:padding;-webkit-background-clip:padding-box;background-clip:padding-box;background:#f5f5f5;padding:10px;font-family:\\\"Courier New\\\", Courier, monospace}.fr-class-transparency{opacity:0.5}img{position:relative;max-width:100%}img.fr-dib{margin:5px auto;display:block;float:none;vertical-align:top}img.fr-dib.fr-fil{margin-left:0;text-align:left}img.fr-dib.fr-fir{margin-right:0;text-align:right}img.fr-dii{display:inline-block;float:none;vertical-align:bottom;margin-left:5px;margin-right:5px;max-width:calc(100% - (2 * 5px))}img.fr-dii.fr-fil{float:left;margin:5px 5px 5px 0;max-width:calc(100% - 5px)}img.fr-dii.fr-fir{float:right;margin:5px 0 5px 5px;max-width:calc(100% - 5px)}span.fr-img-caption{position:relative;max-width:100%}span.fr-img-caption.fr-dib{margin:5px auto;display:block;float:none;vertical-align:top}span.fr-img-caption.fr-dib.fr-fil{margin-left:0;text-align:left}span.fr-img-caption.fr-dib.fr-fir{margin-right:0;text-align:right}span.fr-img-caption.fr-dii{display:inline-block;float:none;vertical-align:bottom;margin-left:5px;margin-right:5px;max-width:calc(100% - (2 * 5px))}span.fr-img-caption.fr-dii.fr-fil{float:left;margin:5px 5px 5px 0;max-width:calc(100% - 5px)}span.fr-img-caption.fr-dii.fr-fir{float:right;margin:5px 0 5px 5px;max-width:calc(100% - 5px)}.fr-video{text-align:center;position:relative}.fr-video.fr-rv{padding-bottom:56.25%;padding-top:30px;height:0;overflow:hidden}.fr-video.fr-rv>iframe,.fr-video.fr-rv object,.fr-video.fr-rv embed{position:absolute !important;top:0;left:0;width:100%;height:100%}.fr-video>*{-webkit-box-sizing:content-box;-moz-box-sizing:content-box;box-sizing:content-box;max-width:100%;border:none}.fr-video.fr-dvb{display:block;clear:both}.fr-video.fr-dvb.fr-fvl{text-align:left}.fr-video.fr-dvb.fr-fvr{text-align:right}.fr-video.fr-dvi{display:inline-block}.fr-video.fr-dvi.fr-fvl{float:left}.fr-video.fr-dvi.fr-fvr{float:right}a.fr-strong{font-weight:700}a.fr-green{color:green}.fr-img-caption{text-align:center}.fr-img-caption .fr-img-wrap{padding:0;margin:auto;text-align:center;width:100%}.fr-img-caption .fr-img-wrap img{display:block;margin:auto;width:100%}.fr-img-caption .fr-img-wrap>span{margin:auto;display:block;padding:5px 5px 10px;font-size:14px;font-weight:initial;-webkit-box-sizing:border-box;-moz-box-sizing:border-box;box-sizing:border-box;-webkit-opacity:0.9;-moz-opacity:0.9;opacity:0.9;-ms-filter:\\\"progid:DXImageTransform.Microsoft.Alpha(Opacity=0)\\\";width:100%;text-align:center}button.fr-rounded,input.fr-rounded,textarea.fr-rounded{border-radius:10px;-moz-border-radius:10px;-webkit-border-radius:10px;-moz-background-clip:padding;-webkit-background-clip:padding-box;background-clip:padding-box}button.fr-large,input.fr-large,textarea.fr-large{font-size:24px}a.fr-view.fr-strong{font-weight:700}a.fr-view.fr-green{color:green}img.fr-view{position:relative;max-width:100%}img.fr-view.fr-dib{margin:5px auto;display:block;float:none;vertical-align:top}img.fr-view.fr-dib.fr-fil{margin-left:0;text-align:left}img.fr-view.fr-dib.fr-fir{margin-right:0;text-align:right}img.fr-view.fr-dii{display:inline-block;float:none;vertical-align:bottom;margin-left:5px;margin-right:5px;max-width:calc(100% - (2 * 5px))}img.fr-view.fr-dii.fr-fil{float:left;margin:5px 5px 5px 0;max-width:calc(100% - 5px)}img.fr-view.fr-dii.fr-fir{float:right;margin:5px 0 5px 5px;max-width:calc(100% - 5px)}span.fr-img-caption.fr-view{position:relative;max-width:100%}span.fr-img-caption.fr-view.fr-dib{margin:5px auto;display:block;float:none;vertical-align:top}span.fr-img-caption.fr-view.fr-dib.fr-fil{margin-left:0;text-align:left}span.fr-img-caption.fr-view.fr-dib.fr-fir{margin-right:0;text-align:right}span.fr-img-caption.fr-view.fr-dii{display:inline-block;float:none;vertical-align:bottom;margin-left:5px;margin-right:5px;max-width:calc(100% - (2 * 5px))}span.fr-img-caption.fr-view.fr-dii.fr-fil{float:left;margin:5px 5px 5px 0;max-width:calc(100% - 5px)}span.fr-img-caption.fr-view.fr-dii.fr-fir{float:right;margin:5px 0 5px 5px;max-width:calc(100% - 5px)}\\n\\n\\n    /* Default/Legacy table border styling */\\n    table {\\n        border: 1px solid #ccc;\\n        border-bottom: none;\\n    }\\n    table th,\\n    table td {\\n        border: solid #ccc;\\n        border-width: 0 0 1px 0;\\n    }\\n\\n    /* Newly inserted table border styling */\\n    table.xm-table-internal-borders {\\n      border: none;\\n    }\\n    table.xm-table-internal-borders th,\\n    table.xm-table-internal-borders td {\\n      border-width: 1px;\\n    }\\n    \\n    /* fix for SUP-22708, In Outlook on Windows: \\\"border-collapse: collapse;\\\" will cease to work and behave like \\\"separate\\\"\\n      when the rule is specified an even number of times, yes oh yes, you read that right. Since this rule is already specified\\n      in the froala styles we get an issue when the user also adds a style tag containing that rule. */\\n    table {\\n      border-collapse: collapse;\\n    }\\n\\n      /* Base Froala Styles End */\\n    </style><!-- XM Froala Top Level Wrapper Begin {{{ -->\\n    <div id=\\\"xm-froala-top-level-wrapper\\\" class=\\\"fr-view\\\">\\n    <!-- XM Froala Top Level Wrapper Begin }}} --><meta http-equiv=\\\"Content-Type\\\" content=\\\"text/html; charset=utf-8\\\">\\n<meta name=\\\"viewport\\\" content=\\\"width=device-width,initial-scale=1\\\">\\n<title>Welcome to xMatters</title>\\n<table border=\\\"0\\\" cellpadding=\\\"0\\\" cellspacing=\\\"0\\\" class=\\\"background-table\\\" id=\\\"table-51\\\" style=\\\"border: 0; border-collapse: collapse; font-family: Helvetica, Arial, Sans-serif !important; line-height: 100% !important; margin: 0; mso-table-lspace: 0pt; mso-table-rspace: 0pt; padding: 0; text-align: left;\\\" width=\\\"100%\\\">\\n    <tbody>\\n        <tr>\\n            <td align=\\\"center\\\" style=\\\"border: 0; border-collapse: collapse;\\\" tabindex=\\\"0\\\">\\n                <table align=\\\"center\\\" border=\\\"0\\\" cellpadding=\\\"0\\\" cellspacing=\\\"0\\\" id=\\\"table-52\\\" style=\\\"table-layout: fixed; width: 790px; border: 0; border-collapse: collapse; mso-table-lspace: 0pt; mso-table-rspace: 0pt; text-align: left;\\\">\\n                    <tbody>\\n                        <tr class=\\\"header-row\\\" style=\\\"border-bottom: 1px solid #bcbcbc; border-top: 10px solid #bcbcbc;\\\">\\n                            <td style=\\\"border: 0; border-collapse: collapse;\\\" tabindex=\\\"0\\\" valign=\\\"top\\\" width=\\\"790\\\"><img class=\\\"company-logo top fr-fic fr-dii\\\" src=\\\"https://${681a32e3-c54f-4dae-b675-1c9a5af56a47.hostname}/static/images/logo.png\\\" style=\\\"max-height: 70px; max-width: 270px; outline: none; text-decoration: none;\\\"></td>\\n                        </tr>\\n                    </tbody>\\n                </table>\\n                <table align=\\\"center\\\" border=\\\"0\\\" cellpadding=\\\"0\\\" cellspacing=\\\"0\\\" id=\\\"table-53\\\" style=\\\"table-layout: fixed; width: 790px; border: 0; border-collapse: collapse; mso-table-lspace: 0pt; mso-table-rspace: 0pt; text-align: left;\\\">\\n                    <tbody>\\n                        <tr>\\n                            <td class=\\\"main-content \\\" style=\\\"border: 0; border-collapse: collapse; color: #444444; font-size: 18px; line-height: 29px; padding-bottom: 20px; padding-top: 0;\\\" tabindex=\\\"0\\\" valign=\\\"top\\\" width=\\\"790\\\">\\n                                <h2 style=\\\"color: #444444 !important; font-size: 30px; font-weight: normal; margin-bottom: 35px; margin-top: 35px; text-align: left;\\\">Welcome, ${person.firstName} ${person.lastName}!</h2>\\n                                <p class=\\\"custom-message\\\" style=\\\"line-height: 29px; margin: 1em 0; margin-bottom: 35px; margin-top: 4px;\\\">${681a32e3-c54f-4dae-b675-1c9a5af56a47.customMessage}</p>\\n                                <div class=\\\"summary-inset\\\" style=\\\"border-color: #ddd; border-radius: 5px; border-style: solid; border-width: 1px; box-shadow: 0px 2px 3px 0px #ddd; text-align: center;\\\"><img class=\\\"company-logo inset fr-fic fr-dii\\\" src=\\\"https://${681a32e3-c54f-4dae-b675-1c9a5af56a47.hostname}/static/images/logo.png\\\" style=\\\"max-height: 70px; max-width: 270px; outline: none; text-decoration: none;\\\">\\n                                    <h3 class=\\\"company-name\\\" style=\\\"color: black !important; font-size: 24px; margin-bottom: 10px; margin-top: 35px;\\\">${person.firstName} ${person.lastName}</h3><em style=\\\"font-style: normal; font-weight: bold;\\\">Hostname:&nbsp;</em>${681a32e3-c54f-4dae-b675-1c9a5af56a47.hostname}\\n                                    <br><em style=\\\"font-style: normal; font-weight: bold;\\\">Username:&nbsp;</em>${person.webLogin}\\n                                    <br>\\n                                    <a href=\\\"https://${681a32e3-c54f-4dae-b675-1c9a5af56a47.hostname}\\\" rel=\\\"noopener noreferrer\\\" style=\\\"color: #09c; text-decoration: none;\\\" target=\\\"_blank\\\">\\n                                        <div class=\\\"action-button\\\" style=\\\"background-color: #99cc00; border-radius: 3px; color: #fff; display: inline-block; margin-top: 35px; padding-bottom: 7px; padding-top: 7px; text-align: center; width: 270px;\\\">Get Started</div>\\n                                    </a>\\n                                    <br>${681a32e3-c54f-4dae-b675-1c9a5af56a47.loginHtml}</div>\\n                                <hr class=\\\"content-divide\\\" style=\\\"border: 0; border-top: 1px solid #eee; display: block; height: 1px; margin-bottom: 16px; margin-top: 40px; padding: 0;\\\">\\n                                <h3 class=\\\"xmatters-experience\\\" style=\\\"color: black !important; font-size: 24px; margin-bottom: 35px; margin-top: 40px;\\\">Make the most of your experience:</h3>\\n                                <div class=\\\"guide-row\\\" style=\\\"display: flex;\\\">\\n                                    <div class=\\\"icon-circle\\\" style=\\\"margin-right: 16px; margin-top: 8px;\\\"><span style=\\\"background: #9c0; border-radius: 50%; border-width: 0px; display: block; height: 24px; padding: 7px; position: relative; text-align: center; width: 24px;\\\"><img src=\\\"http://s3-xmatters-content.s3.amazonaws.com/email-images/mobile.png\\\" alt=\\\"mobile\\\" style=\\\"left: 50%; outline: none; text-decoration: none; top: 50%;\\\" class=\\\"fr-fir fr-dib\\\"></span></div>\\n                                    <div>\\n                                        <h4 style=\\\"color: black !important; font-size: 18px; margin: 0px;\\\">Install the mobile app</h4>\\n                                        <p style=\\\"line-height: 29px; margin: 1em 0; margin-bottom: 20px; margin-top: 4px;\\\">The easiest way to receive notifications and stay connected when you're on the go! Download the xMatters mobile app from the <a href=\\\"https://play.google.com/store/apps/details?id=com.xmatters.xmobile&amp;hl=en\\\" rel=\\\"noopener noreferrer\\\" style=\\\"color: #09c; text-decoration: none;\\\" target=\\\"_blank\\\">Google Play store</a> for Android devices, or from the <a href=\\\"https://apps.apple.com/ca/app/xmatters/id409162401\\\" rel=\\\"noopener noreferrer\\\" style=\\\"color: #09c; text-decoration: none;\\\" target=\\\"_blank\\\">App Store</a> for iOS devices. <a href=\\\"https://help.xmatters.com/ondemand/#cshid=mobileapps\\\" rel=\\\"noopener noreferrer\\\" style=\\\"color: #09c; text-decoration: none;\\\" target=\\\"_blank\\\">Learn more.</a></p>\\n                                    </div></div>\\n                                <div class=\\\"guide-row\\\" style=\\\"display: flex;\\\">\\n                                    <div class=\\\"icon-circle\\\" style=\\\"margin-right: 16px; margin-top: 8px;\\\"><span style=\\\"background: #9c0; border-radius: 50%; border-width: 0px; display: block; height: 24px; padding: 7px; position: relative; text-align: center; width: 24px;\\\"><img src=\\\"http://s3-xmatters-content.s3.amazonaws.com/email-images/phone.png\\\" alt=\\\"phone\\\" style=\\\"left: 50%; outline: none; text-decoration: none; top: 50%;\\\" class=\\\"fr-fir fr-dib\\\"></span></div>\\n                                    <div>\\n                                        <h4 style=\\\"color: black !important; font-size: 18px; margin: 0px;\\\">Set your own contact preferences</h4>\\n                                        <p style=\\\"line-height: 29px; margin: 1em 0; margin-bottom: 20px; margin-top: 4px;\\\">Tell us when and how you prefer to be contacted on your devices and tailor your settings to your schedule. <a href=\\\"https://help.xmatters.com/ondemand/#cshid=UserDevicesPlace\\\" rel=\\\"noopener noreferrer\\\" style=\\\"color: #09c; text-decoration: none;\\\" target=\\\"_blank\\\">Learn more.</a></p>\\n                                    </div></div>\\n                                <div class=\\\"guide-row\\\" style=\\\"display: flex;\\\">\\n                                    <div class=\\\"icon-circle\\\" style=\\\"margin-right: 16px; margin-top: 8px;\\\"><span style=\\\"background: #9c0; border-radius: 50%; border-width: 0px; display: block; height: 24px; padding: 7px; position: relative; text-align: center; width: 24px;\\\"><img src=\\\"http://s3-xmatters-content.s3.amazonaws.com/email-images/calendar-mono.png\\\" alt=\\\"calendar\\\" style=\\\"left: 50%; outline: none; text-decoration: none; top: 50%;\\\" class=\\\"fr-fir fr-dib\\\"></span></div>\\n                                    <div>\\n                                        <h4 style=\\\"color: black !important; font-size: 18px; margin: 0px;\\\">Check your schedule</h4>\\n                                        <p style=\\\"line-height: 29px; margin: 1em 0; margin-bottom: 20px; margin-top: 4px;\\\">Log in to the mobile app to see your current on-call status and your upcoming schedule, or view full group and shift details in the web user interface. <a href=\\\"https://help.xmatters.com/ondemand/#cshid=UserSchedulePlace\\\" rel=\\\"noopener noreferrer\\\" style=\\\"color: #09c; text-decoration: none;\\\" target=\\\"_blank\\\">Learn more.</a></p>\\n                                    </div></div>\\n                                <div class=\\\"guide-row\\\" style=\\\"display: flex;\\\">\\n                                    <div class=\\\"icon-circle\\\" style=\\\"margin-right: 16px; margin-top: 8px;\\\"><span style=\\\"background: #9c0; border-radius: 50%; border-width: 0px; display: block; height: 24px; padding: 7px; position: relative; text-align: center; width: 24px;\\\"><img src=\\\"http://s3-xmatters-content.s3.amazonaws.com/email-images/bell.png\\\" alt=\\\"bell\\\" style=\\\"left: 50%; outline: none; text-decoration: none; top: 50%;\\\" class=\\\"fr-fir fr-dib\\\"></span></div>\\n                                    <div>\\n                                        <h4 style=\\\"color: black !important; font-size: 18px; margin: 0px;\\\">Add on-call reminders</h4>\\n                                        <p style=\\\"line-height: 29px; margin: 1em 0; margin-bottom: 20px; margin-top: 4px;\\\">Want a little warning before your shift starts? Set up email or push notifications to remind you about your shifts from one minute to two weeks before they start. (Available on the mobile app.) <a href=\\\"https://support.xmatters.com/hc/en-us/articles/360020719391\\\" rel=\\\"noopener noreferrer\\\" style=\\\"color: #09c; text-decoration: none;\\\" target=\\\"_blank\\\">Learn more.</a></p>\\n                                    </div></div>\\n                                <div class=\\\"guide-row\\\" style=\\\"display: flex;\\\">\\n                                    <div class=\\\"icon-circle\\\" style=\\\"margin-right: 16px; margin-top: 8px;\\\"><span style=\\\"background: #9c0; border-radius: 50%; border-width: 0px; display: block; height: 24px; padding: 7px; position: relative; text-align: center; width: 24px;\\\"><img src=\\\"http://s3-xmatters-content.s3.amazonaws.com/email-images/timer.png\\\" alt=\\\"timer\\\" style=\\\"left: 50%; outline: none; text-decoration: none; top: 50%;\\\" class=\\\"fr-fir fr-dib\\\"></span></div>\\n                                    <div>\\n                                        <h4 style=\\\"color: black !important; font-size: 18px; margin: 0px;\\\">Set up a temporary absence</h4>\\n                                        <p style=\\\"line-height: 29px; margin: 1em 0; margin-bottom: 0px; margin-top: 4px;\\\">Going to be away for an hour or a day or a week? You can configure temporary absences in advance so that if a user is replacing you, they'll get notified on your behalf. <a href=\\\"https://help.xmatters.com/ondemand/#cshid=VacationReplacementDetailsForm\\\" rel=\\\"noopener noreferrer\\\" style=\\\"color: #09c; text-decoration: none;\\\" target=\\\"_blank\\\">Learn more.</a></p>\\n                                    </div></div>\\n                                <hr class=\\\"content-divide\\\" style=\\\"border: 0; border-top: 1px solid #eee; display: block; height: 1px; margin-bottom: 16px; margin-top: 40px; padding: 0;\\\">\\n                                <p class=\\\"signature\\\" style=\\\"line-height: 29px; margin: 1em 0; margin-bottom: 35px; margin-top: 25px;\\\">${681a32e3-c54f-4dae-b675-1c9a5af56a47.signature}</p>\\n                            </td>\\n                        </tr>\\n                    </tbody>\\n                </table>\\n            </td>\\n        </tr>\\n    </tbody>\\n</table><!-- XM Froala Top Level Wrapper End {{{ -->\\n    </div>\\n    <!-- XM Froala Top Level Wrapper End }}} -->\"}]",
          "builtInInputId": "c2a258c9-70f0-5ab9-87a0-f16aac6a4f7e"
        },
        {
          "inputPort": "input",
          "mapping": "60",
          "builtInInputId": "ceffae29-cef3-5488-b9d1-f845c558f8a4"
        }
      ]
    }
  ],
  "edges": [
    {
      "fromBlock": "61319c75-4275-4cd0-842c-f48576628b80",
      "fromPort": "83d8e653-ee4f-4df0-89e6-b8ce7168555c",
      "toBlock": "e3e6e9a2-98ce-4b45-8314-6701036e906b",
      "toPort": "input"
    },
    {
      "fromBlock": "61319c75-4275-4cd0-842c-f48576628b80",
      "fromPort": "624b0614-b1fd-40b0-a86d-40ef68387c0f",
      "toBlock": "727e6cb2-4a2c-450a-a1b0-ffeedcc3f870",
      "toPort": "input"
    },
    {
      "fromBlock": "681a32e3-c54f-4dae-b675-1c9a5af56a47",
      "fromPort": "output",
      "toBlock": "61319c75-4275-4cd0-842c-f48576628b80",
      "toPort": "input"
    }
  ]
}